{
  "MARL (DRQN)": {
    "throughput": {
      "mean": 1984.0,
      "std": 0.0,
      "all": [
        1984.0,
        1984.0,
        1984.0,
        1984.0,
        1984.0,
        1984.0,
        1984.0,
        1984.0,
        1984.0,
        1984.0,
        1984.0,
        1984.0,
        1984.0,
        1984.0,
        1984.0,
        1984.0,
        1984.0,
        1984.0,
        1984.0,
        1984.0,
        1984.0,
        1984.0,
        1984.0,
        1984.0,
        1984.0,
        1984.0,
        1984.0,
        1984.0,
        1984.0,
        1984.0,
        1984.0,
        1984.0,
        1984.0,
        1984.0,
        1984.0,
        1984.0,
        1984.0,
        1984.0,
        1984.0,
        1984.0,
        1984.0,
        1984.0,
        1984.0,
        1984.0,
        1984.0,
        1984.0,
        1984.0,
        1984.0,
        1984.0,
        1984.0
      ]
    },
    "packet_delivery_ratio": {
      "mean": 0.9919999999999999,
      "std": 1.1102230246251565e-16,
      "all": [
        0.992,
        0.992,
        0.992,
        0.992,
        0.992,
        0.992,
        0.992,
        0.992,
        0.992,
        0.992,
        0.992,
        0.992,
        0.992,
        0.992,
        0.992,
        0.992,
        0.992,
        0.992,
        0.992,
        0.992,
        0.992,
        0.992,
        0.992,
        0.992,
        0.992,
        0.992,
        0.992,
        0.992,
        0.992,
        0.992,
        0.992,
        0.992,
        0.992,
        0.992,
        0.992,
        0.992,
        0.992,
        0.992,
        0.992,
        0.992,
        0.992,
        0.992,
        0.992,
        0.992,
        0.992,
        0.992,
        0.992,
        0.992,
        0.992,
        0.992
      ]
    },
    "avg_latency": {
      "mean": 33.157260248655916,
      "std": 0.6241204231868064,
      "all": [
        34.767792338709675,
        32.60818212365592,
        32.66062668010754,
        34.25847614247311,
        31.54501008064516,
        33.2122059811828,
        33.77662130376344,
        32.781846438172046,
        32.90829973118281,
        33.22302587365592,
        33.192263104838716,
        33.06678427419355,
        32.62804099462366,
        32.93018313172043,
        33.257325268817205,
        33.53455981182795,
        33.9888440860215,
        32.760945900537635,
        32.36218918010753,
        33.46017305107527,
        32.32510080645161,
        32.34295194892473,
        34.46937163978493,
        33.0689684139785,
        33.26643985215054,
        33.88308131720431,
        33.800907258064505,
        33.62526041666666,
        33.41018145161291,
        32.80036962365592,
        32.89465725806452,
        32.23126680107528,
        32.756460013440865,
        33.986483534946245,
        32.87038810483872,
        33.400579637096776,
        33.40824092741935,
        32.71520497311829,
        33.38942372311828,
        32.490809811827965,
        33.493632392473124,
        33.09332157258064,
        33.28679435483871,
        33.34206989247311,
        32.32282426075269,
        32.60863575268817,
        34.3879620295699,
        32.9644741263441,
        33.041792674731184,
        33.26196236559141
      ]
    },
    "collision_rate": {
      "mean": 0.008,
      "std": 0.0,
      "all": [
        0.008,
        0.008,
        0.008,
        0.008,
        0.008,
        0.008,
        0.008,
        0.008,
        0.008,
        0.008,
        0.008,
        0.008,
        0.008,
        0.008,
        0.008,
        0.008,
        0.008,
        0.008,
        0.008,
        0.008,
        0.008,
        0.008,
        0.008,
        0.008,
        0.008,
        0.008,
        0.008,
        0.008,
        0.008,
        0.008,
        0.008,
        0.008,
        0.008,
        0.008,
        0.008,
        0.008,
        0.008,
        0.008,
        0.008,
        0.008,
        0.008,
        0.008,
        0.008,
        0.008,
        0.008,
        0.008,
        0.008,
        0.008,
        0.008,
        0.008
      ]
    }
  },
  "Static": {
    "throughput": {
      "mean": 1992.0,
      "std": 0.0,
      "all": [
        1992.0,
        1992.0,
        1992.0,
        1992.0,
        1992.0,
        1992.0,
        1992.0,
        1992.0,
        1992.0,
        1992.0,
        1992.0,
        1992.0,
        1992.0,
        1992.0,
        1992.0,
        1992.0,
        1992.0,
        1992.0,
        1992.0,
        1992.0,
        1992.0,
        1992.0,
        1992.0,
        1992.0,
        1992.0,
        1992.0,
        1992.0,
        1992.0,
        1992.0,
        1992.0,
        1992.0,
        1992.0,
        1992.0,
        1992.0,
        1992.0,
        1992.0,
        1992.0,
        1992.0,
        1992.0,
        1992.0,
        1992.0,
        1992.0,
        1992.0,
        1992.0,
        1992.0,
        1992.0,
        1992.0,
        1992.0,
        1992.0,
        1992.0
      ]
    },
    "packet_delivery_ratio": {
      "mean": 0.9960000000000002,
      "std": 2.220446049250313e-16,
      "all": [
        0.996,
        0.996,
        0.996,
        0.996,
        0.996,
        0.996,
        0.996,
        0.996,
        0.996,
        0.996,
        0.996,
        0.996,
        0.996,
        0.996,
        0.996,
        0.996,
        0.996,
        0.996,
        0.996,
        0.996,
        0.996,
        0.996,
        0.996,
        0.996,
        0.996,
        0.996,
        0.996,
        0.996,
        0.996,
        0.996,
        0.996,
        0.996,
        0.996,
        0.996,
        0.996,
        0.996,
        0.996,
        0.996,
        0.996,
        0.996,
        0.996,
        0.996,
        0.996,
        0.996,
        0.996,
        0.996,
        0.996,
        0.996,
        0.996,
        0.996
      ]
    },
    "avg_latency": {
      "mean": 33.17582228915663,
      "std": 0.6665965559812542,
      "all": [
        33.95645080321283,
        33.18041331994646,
        32.57234772423027,
        33.618833668005365,
        32.83043005354753,
        32.57185408299866,
        33.647113453815265,
        32.82064089692103,
        32.69866131191433,
        32.67282463186078,
        31.932781124498003,
        33.285090361445796,
        33.16425702811244,
        33.009805890227575,
        33.496050870147265,
        32.915010040160645,
        32.948577643908976,
        33.647732597054876,
        33.16131191432396,
        33.44071285140563,
        33.55741298527443,
        33.80541331994646,
        33.99915495314591,
        33.0669093038822,
        34.85300368139223,
        32.56059236947792,
        33.3510374832664,
        33.26529451137885,
        33.01301037483266,
        33.70780622489959,
        33.09699631860775,
        33.1742720883534,
        33.04959839357431,
        33.18340026773762,
        32.98883032128515,
        34.387064926372155,
        33.86693440428381,
        32.5966700133869,
        33.65522088353414,
        31.739717202141907,
        33.59061244979922,
        32.79022757697457,
        32.81591365461848,
        34.818532463186074,
        32.8505438420348,
        31.689675368139234,
        31.91069277108434,
        34.129057898259695,
        32.69021084337351,
        33.016407295850065
      ]
    },
    "collision_rate": {
      "mean": 0.004,
      "std": 0.0,