{
  "episode_rewards": [
    113.35,
    114.0,
    114.25,
    113.55,
    112.75
  ],
  "episode_throughput": [
    2000.0,
    2000.0,
    2000.0,
    2000.0,
    2000.0
  ],
  "episode_pdr": [
    1.0,
    1.0,
    1.0,
    1.0,
    1.0
  ],
  "episode_latency": [
    34.04310833333333,
    34.36266666666668,
    31.896608333333337,
    33.14315833333333,
    33.38196666666669
  ],
  "episode_collision_rate": [
    0.0,
    0.0,
    0.0,
    0.0,
    0.0
  ],
  "episode_loss": [
    0.0,
    0.0,
    0.0,
    0.0,
    0.0
  ],
  "epsilon": [
    0.995,
    0.990025,
    0.985074875,
    0.9801495006250001,
    0.9752487531218751
  ]
}